StarbucksId,lat,lng,postalCode,address,MrtId,checkinsCount,NewCheckin,IncreaseCheckins,rental,24hrs,inside mall or not,MinBusDis,NumOfBusStop100,NumOfBusStop200,NumOfBusStop300,NumOfBusStop400,NumOfBusStop500,NumOfBusLine100,NumOfBusLine200,NumOfBusLine300,NumOfBusLine400,NumOfBusLine500,MinMrtDis,NumOfMrt100,NumOfMrt200,NumOfMrt300,NumOfMrt400,NumOfMrt500,MinMcDis,NumOfMc100,NumOfMC200,NumOfMc300,NumOfMc400,NumOfMc500,MinCoffeeBean,NumOfCoffeeBean100,NumOfCoffeeBean200,NumOfCoffeeBean300,NumOfCoffeeBean400,NumOfCoffeeBean500,MinSchoolDis,NumOfSchool100,NumOfSchool200,NumOfSchool300,NumOfSchool400,NumOfSchool500,NumOfJC100,NumOfJC200,NumOfJC300,NumOfJC400,NumOfJC500,NumOfPri100,NumOfPri200,NumOfPri300,NumOfPri400,NumOfPri500,NumOfSec100,NumOfSec200,NumOfSec300,NumOfSec400,NumOfSec500,NumOfMix100,NumOfMix200,NumOfMix300,NumOfMix400,NumOfMix500,MinTourDis,NumOfTour100,NumOfTour200,NumOfTour300,NumOfTour400,NumOfTour500,NumOfArchTour100,NumOfArchTour200,NumOfArchTour300,NumOfArchTour400,NumOfArchTour500,NumOfArtsTour100,NumOfArtsTour200,NumOfArtsTour300,NumOfArtsTour400,NumOfArtsTour500,NumOfCulTour100,NumOfCulTour200,NumOfCulTour300,NumOfCulTour400,NumOfCulTour500,NumOfHisTour100,NumOfHisTour200,NumOfHisTour300,NumOfHisTour400,NumOfHisTour500,NumOfNatTour100,NumOfNatTour200,NumOfNatTour300,NumOfNatTour400,NumOfNatTour500,NumOfPlaTour100,NumOfPlaTour200,NumOfPlaTour300,NumOfPlaTour400,NumOfPlaTour500,NumOfRecTour100,NumOfRecTour200,NumOfRecTour300,NumOfRecTour400,NumOfRecTour500
4b062a5cf964a52060e922e3,1.293235843,103.8530539,179103,"#01-46/47/48, Raffles City (252 N. Bridge Rd.)",CITY HALL MRT          ,24791,24862,71,9338.59,1,1,0.182490746,0,2,7,14,21,0,44,97,171,239,0.077003942,1,1,2,2,2,0.724147821,0,0,0,0,0,0.43746138,0,0,0,0,1,1.272552405,0,0,0,0,0,0,0,0,0,0,0,0,0,0,0,0,0,0,0,0,0,0,0,0,0,0.092702983,1,4,5,11,18,0,1,2,3,5,0,0,0,1,4,0,1,1,2,3,0,1,1,4,5,0,0,0,0,0,1,1,1,1,1,0,0,0,0,0
4b0b5d47f964a520dc3023e3,1.30565998,103.831044,238881,"#01-01A, Liat Towers (541 Orchard Rd)",ORCHARD MRT            ,19284,19335,51,9338.59,1,0,0.07178866,1,1,5,12,13,12,12,75,163,173,0.196228901,0,1,1,1,1,0.061872539,1,1,2,3,3,0.220136363,0,0,2,2,2,0.71205143,0,0,0,0,0,0,0,0,0,0,0,0,0,0,0,0,0,0,0,0,0,0,0,0,0,0.221461571,0,0,1,1,1,0,0,0,0,0,0,0,0,0,0,0,0,0,0,0,0,0,0,0,0,0,0,0,0,0,0,0,1,1,1,0,0,0,0,0
4b0cc333f964a520b04123e3,1.293412832,103.8320503,237994,"#02-21A/B/C, Great World City (1 Kim Seng Promenade)",TIONG BAHRU MRT        ,4562,4581,19,9338.59,0,1,0.090793489,1,3,4,11,15,7,26,38,70,90,0.974919238,0,0,0,0,0,0.063649111,1,1,1,1,1,0.063649111,1,1,1,1,1,0.474182252,0,0,0,0,1,0,0,0,0,0,0,0,0,0,1,0,0,0,0,0,0,0,0,0,0,1.019974237,0,0,0,0,0,0,0,0,0,0,0,0,0,0,0,0,0,0,0,0,0,0,0,0,0,0,0,0,0,0,0,0,0,0,0,0,0,0,0,0
4b0e9296f964a520985823e3,1.31137841,103.795867,278983,255 Holland Ave. (Holland Village),holland village,11398,11430,32,9338.59,0,0,0.043470215,1,3,4,5,9,5,19,24,25,55,0.044020758,1,1,1,1,1,0.75114697,0,0,0,0,0,0.08462505,1,1,1,1,1,1.325722334,0,0,0,0,0,0,0,0,0,0,0,0,0,0,0,0,0,0,0,0,0,0,0,0,0,2.245286187,0,0,0,0,0,0,0,0,0,0,0,0,0,0,0,0,0,0,0,0,0,0,0,0,0,0,0,0,0,0,0,0,0,0,0,0,0,0,0,0
4b163096f964a52071b723e3,1.276196799,103.8473654,68811,#B1-12/13 AXA Tower (8 Shenton Way),TJG. PAGAR MRT         ,2792,2834,42,9338.59,0,0,0.098843061,1,3,4,10,15,10,39,58,150,171,0.183684026,0,1,1,1,1,2.143370617,0,0,0,0,0,0.147856262,0,2,2,2,2,0.821300185,0,0,0,0,0,0,0,0,0,0,0,0,0,0,0,0,0,0,0,0,0,0,0,0,0,0.295153364,0,0,1,1,2,0,0,0,0,0,0,0,1,1,1,0,0,0,0,0,0,0,0,0,1,0,0,0,0,0,0,0,0,0,0,0,0,0,0,0
4b170f95f964a520a6c123e3,1.298998906,103.7874722,138632,"#01-20, Connexis (1 Fusionopolis Way)",one north,6028,6059,31,9338.59,0,0,0.042604059,2,3,8,13,16,2,3,20,41,48,0.056636026,1,1,1,1,1,0.937700384,0,0,0,0,0,0.622547784,0,0,0,0,0,0.268019329,0,0,1,1,2,0,0,0,0,0,0,0,1,1,1,0,0,0,0,1,0,0,0,0,0,1.575318569,0,0,0,0,0,0,0,0,0,0,0,0,0,0,0,0,0,0,0,0,0,0,0,0,0,0,0,0,0,0,0,0,0,0,0,0,0,0,0,0
4b23154af964a520195324e3,1.288762482,103.8469094,59817,"#01-29, The Central (6 Eu Tong Sen St.)",clark quay,12578,12634,56,9338.59,0,1,0.032250415,2,3,10,11,20,38,54,118,120,196,0.036486587,1,1,1,1,1,1.561610921,0,0,0,0,0,0.452409126,0,0,0,0,1,1.119923913,0,0,0,0,0,0,0,0,0,0,0,0,0,0,0,0,0,0,0,0,0,0,0,0,0,0.035531112,1,1,1,2,4,0,0,0,1,2,0,0,0,0,0,0,0,0,0,0,0,0,0,0,1,0,0,0,0,0,1,1,1,1,1,0,0,0,0,0
4b247077f964a5208b6724e3,1.323691857,103.8103187,269707,"#01-03, Coronation Plaza (587 Bukit Timah Rd)",tan kah kee,6522,6531,9,9338.59,0,1,0.032637171,1,3,3,4,10,14,41,41,50,109,0.33648081,0,0,0,1,1,0.407663652,0,0,0,0,1,1.80405659,0,0,0,0,0,0.359569713,0,0,0,1,2,0,0,0,0,0,0,0,0,1,1,0,0,0,0,1,0,0,0,0,0,1.259745209,0,0,0,0,0,0,0,0,0,0,0,0,0,0,0,0,0,0,0,0,0,0,0,0,0,0,0,0,0,0,0,0,0,0,0,0,0,0,0,0
4b273d24f964a520698524e3,1.304877955,103.8229874,247933,"#01-13, Tanglin Mall (163 Tanglin Rd)",ORCHARD MRT            ,3666,3680,14,9338.59,0,1,0.106170816,0,6,7,11,13,0,30,31,60,72,1.036497074,0,0,0,0,0,0.648931273,0,0,0,0,0,0.648931273,0,0,0,0,0,1.010799657,0,0,0,0,0,0,0,0,0,0,0,0,0,0,0,0,0,0,0,0,0,0,0,0,0,1.058388167,0,0,0,0,0,0,0,0,0,0,0,0,0,0,0,0,0,0,0,0,0,0,0,0,0,0,0,0,0,0,0,0,0,0,0,0,0,0,0,0
4b373786f964a520fa3f25e3,1.301338829,103.839941,238843,"#01-41/42, Centrepoint (176 Orchard Rd)",SOMERSET MRT           ,5323,5326,3,9338.59,0,1,0.13575289,0,3,5,6,7,0,53,113,133,146,0.207908053,0,0,1,1,1,0.765742922,0,0,0,0,0,0.045626952,2,2,2,2,2,0.742197015,0,0,0,0,0,0,0,0,0,0,0,0,0,0,0,0,0,0,0,0,0,0,0,0,0,0.890935163,0,0,0,0,0,0,0,0,0,0,0,0,0,0,0,0,0,0,0,0,0,0,0,0,0,0,0,0,0,0,0,0,0,0,0,0,0,0,0,0
4b39e2d6f964a5206f5f25e3,1.351901004,103.9443541,529510,"#01-50, Tampines Mall (4 Tampines Central 5)",TAMPINES MRT           ,23876,23967,91,10509.46,1,1,0.06377955,1,1,4,9,17,5,5,43,73,130,0.208248311,0,0,1,1,1,0.130190916,0,1,1,1,1,0.109742323,0,1,2,2,2,0.239410367,0,0,1,2,2,0,0,0,0,0,0,0,1,1,1,0,0,0,1,1,0,0,0,0,0,3.491277875,0,0,0,0,0,0,0,0,0,0,0,0,0,0,0,0,0,0,0,0,0,0,0,0,0,0,0,0,0,0,0,0,0,0,0,0,0,0,0,0
4b45361bf964a5201f0826e3,1.281580305,103.8493398,68877,#01-02 City House (36 Robinson Rd),telok ayer,3190,3229,39,9338.59,0,0,0.051230634,1,4,5,8,14,2,34,54,94,142,0.106540676,0,1,1,1,3,1.742966568,0,0,0,0,0,0.484011488,0,0,0,0,2,1.231775149,0,0,0,0,0,0,0,0,0,0,0,0,0,0,0,0,0,0,0,0,0,0,0,0,0,0.155273658,0,2,3,3,5,0,1,1,1,1,0,0,0,0,0,0,1,2,2,4,0,0,0,0,0,0,0,0,0,0,0,0,0,0,0,0,0,0,0,0
4b4e6d92f964a5206aed26e3,1.278005621,103.8471771,68912,#01-01/02 Capital Tower (168 Robinson Rd),TJG. PAGAR MRT         ,5684,5722,38,9338.59,0,0,0.104654235,0,2,5,7,12,0,29,77,92,119,0.183505221,0,1,1,1,2,2.08351476,0,0,0,0,0,0.126422117,0,1,2,2,2,0.840801126,0,0,0,0,0,0,0,0,0,0,0,0,0,0,0,0,0,0,0,0,0,0,0,0,0,0.164830037,0,1,1,3,4,0,0,0,0,1,0,1,1,1,1,0,0,0,1,1,0,0,0,1,1,0,0,0,0,0,0,0,0,0,0,0,0,0,0,0
4b5305e3f964a520d98c27e3,1.285571459,103.8541245,49213,#01-04 One Fullerton (1 Fullerton Rd),RAFFLES PL. MRT        ,9636,9704,68,9338.59,0,1,0.087703272,1,2,2,3,4,19,37,37,43,51,0.28698656,0,0,1,1,1,1.184186726,0,0,0,0,0,0.483220974,0,0,0,0,1,1.896417036,0,0,0,0,0,0,0,0,0,0,0,0,0,0,0,0,0,0,0,0,0,0,0,0,0,0.151166231,0,1,2,4,9,0,0,0,0,1,0,0,0,0,2,0,0,0,0,0,0,0,1,3,5,0,0,0,0,0,0,0,0,0,0,0,1,1,1,1
4b5585f9f964a5206fe627e3,1.301939489,103.9053869,449269,"#01-10A/B, Parkway Parade (80 Marine Parade Rd.)",dakota,7415,7433,18,5665.25,0,1,0.094733517,1,2,3,6,13,12,26,27,44,109,1.98695331,0,0,0,0,0,0.093538036,1,1,1,1,1,0.097176108,1,2,2,2,2,0.661680691,0,0,0,0,0,0,0,0,0,0,0,0,0,0,0,0,0,0,0,0,0,0,0,0,0,0.450697316,0,0,0,0,1,0,0,0,0,0,0,0,0,0,0,0,0,0,0,0,0,0,0,0,0,0,0,0,0,0,0,0,0,0,1,0,0,0,0,0
4b568dbbf964a520fa1428e3,1.303205612,103.7653585,127371,"#01-01, West Coast Plaza (154 West Coast Rd)",CLEMENTI MRT           ,4297,4306,9,9338.59,0,1,0.121291385,0,4,6,8,13,0,17,23,25,43,1.303708683,0,0,0,0,0,0.629660212,0,0,0,0,0,2.284066611,0,0,0,0,0,0.163502317,0,1,1,1,1,0,0,0,0,0,0,0,0,0,0,0,1,1,1,1,0,0,0,0,0,0.830003728,0,0,0,0,0,0,0,0,0,0,0,0,0,0,0,0,0,0,0,0,0,0,0,0,0,0,0,0,0,0,0,0,0,0,0,0,0,0,0,0
4b5c188ff964a520f02329e3,1.291601615,103.8452125,179030,"#01-13, Liang Court Shopping Centre (177 River Valley Rd)",clark quay,3147,3170,23,9338.59,0,1,0.032603151,2,3,6,11,16,19,22,44,111,134,0.387652897,0,0,0,1,1,1.482860863,0,0,0,0,0,0.712249213,0,0,0,0,0,1.024467642,0,0,0,0,0,0,0,0,0,0,0,0,0,0,0,0,0,0,0,0,0,0,0,0,0,0.387399401,0,0,0,1,4,0,0,0,0,1,0,0,0,0,0,0,0,0,0,0,0,0,0,0,1,0,0,0,0,1,0,0,0,1,1,0,0,0,0,0
4b5f8427f964a52005bf29e3,1.360858905,103.9905233,819642,"#01-06, Arrival Hall, Terminal 1 (Changi International Airport)",SIMEI MRT              ,6833,6840,7,10509.46,1,1,0.049487855,1,1,1,1,1,6,6,6,6,6,4.576327566,0,0,0,0,0,0.64128903,0,0,0,0,0,0.411515623,0,0,0,0,3,3.264456722,0,0,0,0,0,0,0,0,0,0,0,0,0,0,0,0,0,0,0,0,0,0,0,0,0,1.839328977,0,0,0,0,0,0,0,0,0,0,0,0,0,0,0,0,0,0,0,0,0,0,0,0,0,0,0,0,0,0,0,0,0,0,0,0,0,0,0,0
4b5f8aaff964a52078c029e3,1.354582465,103.9880848,819643,"Unit #026-049, Terminal 2 Departure Hall (60 Airport Blvd)",SIMEI MRT              ,8140,8193,53,10509.46,1,1,0.138323049,0,2,2,2,2,0,12,12,12,12,4.072631978,0,0,0,0,0,0.086880268,1,1,2,2,2,0.295757856,0,0,1,1,1,2.924555411,0,0,0,0,0,0,0,0,0,0,0,0,0,0,0,0,0,0,0,0,0,0,0,0,0,1.77615903,0,0,0,0,0,0,0,0,0,0,0,0,0,0,0,0,0,0,0,0,0,0,0,0,0,0,0,0,0,0,0,0,0,0,0,0,0,0,0,0
4b6a128af964a520ccc52be3,1.29291233,103.8429083,239918,"#01-31, UE Square (83 Clemenceau Ave)",clark quay,2789,2816,27,9338.59,0,1,0.069478651,2,4,8,9,12,20,27,57,61,78,0.652866611,0,0,0,0,0,1.208744153,0,0,0,0,0,0.886600213,0,0,0,0,0,0.74408899,0,0,0,0,0,0,0,0,0,0,0,0,0,0,0,0,0,0,0,0,0,0,0,0,0,0.189472374,0,1,1,1,2,0,1,1,1,1,0,0,0,0,0,0,0,0,0,0,0,0,0,0,0,0,0,0,0,1,0,0,0,0,0,0,0,0,0,0
4b713de9f964a520d33d2de3,1.28530196,103.8497758,49513,"#01/01A/01B, OCBC Centre East (63 Chulia St.)",RAFFLES PL. MRT        ,3701,3714,13,9338.59,0,0,0.091670703,1,2,3,9,13,2,4,30,93,111,0.297813726,0,0,1,2,3,1.565440186,0,0,0,0,0,0.537696041,0,0,0,0,0,1.416482133,0,0,0,0,0,0,0,0,0,0,0,0,0,0,0,0,0,0,0,0,0,0,0,0,0,0.283357206,0,0,2,6,7,0,0,0,1,1,0,0,0,1,1,0,0,1,1,1,0,0,1,3,3,0,0,0,0,0,0,0,0,0,1,0,0,0,0,0
4b7148b5f964a5205d3f2de3,1.301315577,103.8402362,238842,"#BK-01, Orchard Point (160 Orchard Rd)",SOMERSET MRT           ,6560,6612,52,9338.59,0,1,0.106793537,0,4,5,6,7,0,78,113,133,146,0.229258664,0,0,1,1,1,0.79645836,0,0,0,0,0,0.049434793,2,2,2,2,2,0.714566584,0,0,0,0,0,0,0,0,0,0,0,0,0,0,0,0,0,0,0,0,0,0,0,0,0,0.913456271,0,0,0,0,0,0,0,0,0,0,0,0,0,0,0,0,0,0,0,0,0,0,0,0,0,0,0,0,0,0,0,0,0,0,0,0,0,0,0,0
4b8624f8f964a5200f8131e3,1.293651169,103.8598256,39596,"#01-K5, Millenia Walk (9 Raffles Blvd)",promenade,3690,3702,12,9338.59,0,1,0.104129739,0,3,7,10,13,0,21,49,80,133,0.052755842,1,1,1,1,2,0.274733017,0,0,1,1,1,0.231087728,0,0,3,3,3,1.185046698,0,0,0,0,0,0,0,0,0,0,0,0,0,0,0,0,0,0,0,0,0,0,0,0,0,0.581882565,0,0,0,0,0,0,0,0,0,0,0,0,0,0,0,0,0,0,0,0,0,0,0,0,0,0,0,0,0,0,0,0,0,0,0,0,0,0,0,0
4b8f9b87f964a520c25933e3,1.312804971,103.9256135,457802,3 Jalan Jamal (Upper East Coast Rd),BEDOK MRT              ,6992,7001,9,5665.25,0,0,0.073452192,2,3,5,10,13,14,18,29,54,94,1.350345635,0,0,0,0,0,1.540059853,0,0,0,0,0,1.359484857,0,0,0,0,0,0.534577405,0,0,0,0,0,0,0,0,0,0,0,0,0,0,0,0,0,0,0,0,0,0,0,0,0,2.003610658,0,0,0,0,0,0,0,0,0,0,0,0,0,0,0,0,0,0,0,0,0,0,0,0,0,0,0,0,0,0,0,0,0,0,0,0,0,0,0,0
4b99bffaf964a520f38f35e3,1.293240357,103.8569153,38983,#02-393/394 Suntec City Mall (3 Temasek Boulevard),esplanade,6555,6606,51,9338.59,0,1,0.103718788,0,2,5,13,21,0,18,43,144,217,0.173008321,0,1,1,2,3,0.379488598,0,0,0,1,1,0.379488598,0,0,0,2,4,1.190887526,0,0,0,0,0,0,0,0,0,0,0,0,0,0,0,0,0,0,0,0,0,0,0,0,0,0.255716226,0,0,1,1,7,0,0,0,0,2,0,0,0,0,1,0,0,0,0,0,0,0,1,1,4,0,0,0,0,0,0,0,0,0,0,0,0,0,0,0
4ba229baf964a52066e037e3,1.303945263,103.8331604,238877,#03-35/40 Wisma Atria (435 Orchard Rd),ORCHARD MRT            ,7218,7235,17,9338.59,0,1,0.062122866,1,4,5,10,13,20,68,85,150,188,0.109247524,0,1,1,1,1,0.080232703,1,1,2,2,2,0.135671151,0,1,1,2,2,0.981816259,0,0,0,0,0,0,0,0,0,0,0,0,0,0,0,0,0,0,0,0,0,0,0,0,0,0.083806382,1,1,1,1,1,0,0,0,0,0,0,0,0,0,0,0,0,0,0,0,0,0,0,0,0,0,0,0,0,0,1,1,1,1,1,0,0,0,0,0
4bab6afdf964a520e1a73ae3,1.306443617,103.8326277,228210,"#01-01A, Pacific Plaza (9 Scotts Rd)",ORCHARD MRT            ,5606,5624,18,9338.59,1,1,0.064428522,1,3,5,7,10,14,39,71,105,142,0.22794573,0,0,1,1,1,0.158308555,0,1,2,2,3,0.293494809,0,0,1,1,3,0.713580165,0,0,0,0,0,0,0,0,0,0,0,0,0,0,0,0,0,0,0,0,0,0,0,0,0,0.239960033,0,0,1,1,1,0,0,0,0,0,0,0,0,0,0,0,0,0,0,0,0,0,0,0,0,0,0,0,0,0,0,0,1,1,1,0,0,0,0,0
4bb45af787aa9521e31aadd1,1.289840706,103.7897642,118264,"#01-03, Cintech IV Singapore Science Park I (79 Science Park Dr.)",kent ridge,1688,1697,9,9338.59,0,0,0.059194712,2,5,7,11,14,2,5,21,25,34,0.612658255,0,0,0,0,0,1.872544382,0,0,0,0,0,0.829668416,0,0,0,0,0,1.289646662,0,0,0,0,0,0,0,0,0,0,0,0,0,0,0,0,0,0,0,0,0,0,0,0,0,0.879866565,0,0,0,0,0,0,0,0,0,0,0,0,0,0,0,0,0,0,0,0,0,0,0,0,0,0,0,0,0,0,0,0,0,0,0,0,0,0,0,0
4bb9783c7421a59315d6c240,1.291127591,103.8568926,39594,"#02-168 & #03-217/218, Marina Sq. (Lvls 2 & 3) (6 Raffles Blvd.)",esplanade,9998,10007,9,9338.59,0,1,0.140339667,0,2,6,7,13,0,41,113,116,186,0.306446838,0,0,0,1,2,0.585549799,0,0,0,0,0,0.2540588,0,0,1,2,2,1.425827832,0,0,0,0,0,0,0,0,0,0,0,0,0,0,0,0,0,0,0,0,0,0,0,0,0,0.228043057,0,0,2,5,5,0,0,1,1,1,0,0,1,1,1,0,0,0,0,0,0,0,0,3,3,0,0,0,0,0,0,0,0,0,0,0,0,0,0,0
4bcd689e0687ef3b11dde0cc,1.304093565,103.83162,238801,"#B3-59, ION Orchard (2 Orchard Turn)",ORCHARD MRT            ,12591,12630,39,9338.59,0,1,0.139880893,0,3,8,11,13,0,49,112,161,180,0.083856034,1,1,1,1,1,0.15503097,0,1,2,2,3,0.041962746,1,1,1,1,2,0.897586077,0,0,0,0,0,0,0,0,0,0,0,0,0,0,0,0,0,0,0,0,0,0,0,0,0,0.099150378,1,1,1,1,1,0,0,0,0,0,0,0,0,0,0,0,0,0,0,0,0,0,0,0,0,0,0,0,0,0,1,1,1,1,1,0,0,0,0,0
4bda36713904a5939ab5459e,1.284615863,103.8517007,48623,"#01-02B, Singapore Land Tower (50 Raffles Place)",RAFFLES PL. MRT        ,4960,4988,28,9338.59,0,0,0.161799847,0,1,5,7,11,0,18,58,68,122,0.084427593,1,1,1,1,2,1.448435417,0,0,0,0,0,0.504298614,0,0,0,0,0,1.637672512,0,0,0,0,0,0,0,0,0,0,0,0,0,0,0,0,0,0,0,0,0,0,0,0,0,0.279929917,0,0,1,4,8,0,0,0,0,1,0,0,0,0,1,0,0,0,1,1,0,0,1,3,4,0,0,0,0,0,0,0,0,0,0,0,0,0,0,1
4bdd67704ffaa593825b6ff7,1.28694261,103.8538126,49275,3 Fullerton Rd. #01-04A (Kiosk under Esplanade Bridge),RAFFLES PL. MRT        ,1590,1590,0,9338.59,0,0,0.158666806,0,1,2,3,6,0,19,25,43,92,0.381447756,0,0,0,1,1,1.155635816,0,0,0,0,0,0.347263144,0,0,0,1,1,1.859519198,0,0,0,0,0,0,0,0,0,0,0,0,0,0,0,0,0,0,0,0,0,0,0,0,0,0.08268407,1,3,5,10,12,0,0,0,1,2,0,0,1,2,3,0,0,0,0,0,0,2,3,6,6,0,0,0,0,0,0,0,0,0,0,1,1,1,1,1
4bf38e20706e20a1ed5ea898,1.355655049,103.9857244,819642,"Unit #02-K4, Terminal 3 Departure/Transit Lounge South (65 Airport Blvd)",SIMEI MRT              ,2886,2890,4,10509.46,1,1,0.19565303,0,1,1,2,2,0,6,6,12,12,3.86223563,0,0,0,0,0,0.146778932,0,1,2,2,2,0.021671023,1,1,1,1,1,2.670513055,0,0,0,0,0,0,0,0,0,0,0,0,0,0,0,0,0,0,0,0,0,0,0,0,0,1.488754573,0,0,0,0,0,0,0,0,0,0,0,0,0,0,0,0,0,0,0,0,0,0,0,0,0,0,0,0,0,0,0,0,0,0,0,0,0,0,0,0
4bffb05fdaf9c9b6cd85faef,1.30310199,103.8355374,238859,"#B1-34, Paragon Shopping Centre (290 Orchard Rd.)",ORCHARD MRT            ,9402,9448,46,9338.59,0,1,0.174641376,0,3,3,8,9,0,56,56,137,167,0.388585833,0,0,0,1,2,0.242908419,0,0,1,1,1,0.172275619,0,1,1,1,3,0.958933765,0,0,0,0,0,0,0,0,0,0,0,0,0,0,0,0,0,0,0,0,0,0,0,0,0,0.363612635,0,0,0,1,1,0,0,0,0,0,0,0,0,0,0,0,0,0,0,0,0,0,0,0,0,0,0,0,0,0,0,0,0,1,1,0,0,0,0,0
4c065e5a91d776b003b7f8f9,1.338879788,103.705616,648337,"#03-52, Jurong Point (JP2) (63 Jurong West Ctrl 3)",BOON LAY MRT           ,11648,11680,32,20491.68,0,1,0.052392966,1,3,5,8,16,30,37,48,59,88,0.069804554,1,1,1,1,1,0.141507018,0,2,2,2,2,0.077332007,1,1,1,1,1,0.53650865,0,0,0,0,0,0,0,0,0,0,0,0,0,0,0,0,0,0,0,0,0,0,0,0,0,2.245101381,0,0,0,0,0,0,0,0,0,0,0,0,0,0,0,0,0,0,0,0,0,0,0,0,0,0,0,0,0,0,0,0,0,0,0,0,0,0,0,0
4c790efd794e224b21076428,1.303386,103.796122,,401 Commonwealth Drive,COMMONWEALTH MRT       ,189,189,0,9338.59,0,0,0.262367357,0,0,5,7,7,0,0,35,45,45,0.284103718,0,0,1,1,1,0.668470923,0,0,0,0,0,0.872012777,0,0,0,0,0,0.552386472,0,0,0,0,0,0,0,0,0,0,0,0,0,0,0,0,0,0,0,0,0,0,0,0,0,2.456370407,0,0,0,0,0,0,0,0,0,0,0,0,0,0,0,0,0,0,0,0,0,0,0,0,0,0,0,0,0,0,0,0,0,0,0,0,0,0,0,0
4ca98d64b7106dcbb58e7da5,1.292138032,103.855647,39393,#B1-01/02 CityLink Mall (1 Raffles Link),esplanade,4137,4155,18,9338.59,0,1,0.046991942,1,2,5,8,15,12,29,80,114,204,0.146379857,0,1,1,2,2,0.563544766,0,0,0,0,0,0.266620724,0,0,1,1,1,1.322945818,0,0,0,0,0,0,0,0,0,0,0,0,0,0,0,0,0,0,0,0,0,0,0,0,0,0.15836844,0,1,5,6,10,0,0,1,1,3,0,0,1,1,1,0,0,0,1,1,0,1,3,3,4,0,0,0,0,0,0,0,0,0,1,0,0,0,0,0
4cbbd1b590c9a143af9897d6,1.309497155,103.7769185,139651,"Food Court 5, Singapore Polytechnic (500 Dover Rd)",dover ,2494,2496,2,9338.59,0,0,0.191480775,0,1,3,6,9,0,2,14,34,54,0.282377092,0,0,1,1,1,0.484388089,0,0,0,0,1,1.835054433,0,0,0,0,0,0.37440507,0,0,0,1,1,0,0,0,0,0,0,0,0,0,0,0,0,0,1,1,0,0,0,0,0,0.979112805,0,0,0,0,0,0,0,0,0,0,0,0,0,0,0,0,0,0,0,0,0,0,0,0,0,0,0,0,0,0,0,0,0,0,0,0,0,0,0,0
4cce5d4872106dcba4c5a899,1.280328001,103.8526915,18984,"#B2-38/39, Marina Bay Link Mall (8A Marina Blvd)",downtown,3226,3252,26,9338.59,0,1,0.103788806,0,3,5,7,11,0,38,60,78,137,0.114160295,0,1,1,1,3,1.4191252,0,0,0,0,0,0.09693622,1,1,1,1,1,1.504871745,0,0,0,0,0,0,0,0,0,0,0,0,0,0,0,0,0,0,0,0,0,0,0,0,0,0.25405994,0,0,1,1,2,0,0,1,1,1,0,0,0,0,0,0,0,0,0,0,0,0,0,0,0,0,0,0,0,0,0,0,0,0,1,0,0,0,0,0
4d22f54ab69c6dcb2ec48695,1.302926287,103.7968111,149604,Haw Par Technopark,COMMONWEALTH MRT       ,267,270,3,9338.59,0,0,0.176322939,0,2,5,6,8,0,21,25,36,55,0.195075274,0,1,1,1,1,0.760551351,0,0,0,0,0,0.934946161,0,0,0,0,0,0.461071876,0,0,0,0,1,0,0,0,0,0,0,0,0,0,1,0,0,0,0,0,0,0,0,0,0,2.429124837,0,0,0,0,0,0,0,0,0,0,0,0,0,0,0,0,0,0,0,0,0,0,0,0,0,0,0,0,0,0,0,0,0,0,0,0,0,0,0,0
4d62faf4855e548122d8f579,1.366739,103.963723,,32 Loyang Drive,PASIR RIS MRT          ,7,7,0,10509.46,0,0,0.075906438,3,5,12,15,21,3,9,57,68,91,1.769665067,0,0,0,0,0,1.4305072,0,0,0,0,0,1.406027362,0,0,0,0,0,0.31511001,0,0,0,2,2,0,0,0,0,0,0,0,0,1,1,0,0,0,1,1,0,0,0,0,0,1.252898396,0,0,0,0,0,0,0,0,0,0,0,0,0,0,0,0,0,0,0,0,0,0,0,0,0,0,0,0,0,0,0,0,0,0,0,0,0,0,0,0
4d6301e349758cfa00c460f0,1.376015985,103.9675266,,IAT - Asia 32 Loyang Drive,PASIR RIS MRT          ,10,10,0,10509.46,0,0,0.501471967,0,0,0,0,0,0,0,0,0,0,2.075090156,0,0,0,0,0,2.541105202,0,0,0,0,0,1.311561831,0,0,0,0,0,0.696501293,0,0,0,0,0,0,0,0,0,0,0,0,0,0,0,0,0,0,0,0,0,0,0,0,0,1.699881135,0,0,0,0,0,0,0,0,0,0,0,0,0,0,0,0,0,0,0,0,0,0,0,0,0,0,0,0,0,0,0,0,0,0,0,0,0,0,0,0
4d8b2deb7139b1f7b55ad9d4,1.31522905,103.7646568,129588,"#03-K1/K3, The Clementi Mall (3155 Commonwealth Ave West)",CLEMENTI MRT           ,6704,6729,25,9338.59,0,1,0.049979605,3,3,4,13,19,43,43,57,129,160,0.078855882,1,1,1,1,1,0.041289979,1,1,1,1,1,2.140541894,0,0,0,0,0,0.157248446,0,1,2,3,3,0,0,0,0,0,0,1,1,2,2,0,0,1,1,1,0,0,0,0,0,1.742091333,0,0,0,0,0,0,0,0,0,0,0,0,0,0,0,0,0,0,0,0,0,0,0,0,0,0,0,0,0,0,0,0,0,0,0,0,0,0,0,0
4dc14b51e4cda3b87f1de732,1.302246,103.79502,,Haw Par Technopark,COMMONWEALTH MRT       ,1,1,0,9338.59,0,0,0.248163646,0,0,1,7,10,0,0,1,36,48,0.387522855,0,0,0,1,1,0.656913599,0,0,0,0,0,0.991942568,0,0,0,0,0,0.589984288,0,0,0,0,0,0,0,0,0,0,0,0,0,0,0,0,0,0,0,0,0,0,0,0,0,2.281952172,0,0,0,0,0,0,0,0,0,0,0,0,0,0,0,0,0,0,0,0,0,0,0,0,0,0,0,0,0,0,0,0,0,0,0,0,0,0,0,0
4dcd0e6b52b1f8915b72f726,1.301108219,103.8381386,238895,"#02-38/39, 313@Somerset (313 Orchard Rd)",SOMERSET MRT           ,8800,8852,52,9338.59,0,1,0.064625405,1,3,4,6,8,19,69,82,111,163,0.144114083,0,1,1,1,1,0.607160578,0,0,0,0,0,0.208715189,0,0,2,2,3,0.827605567,0,0,0,0,0,0,0,0,0,0,0,0,0,0,0,0,0,0,0,0,0,0,0,0,0,0.720744905,0,0,0,0,0,0,0,0,0,0,0,0,0,0,0,0,0,0,0,0,0,0,0,0,0,0,0,0,0,0,0,0,0,0,0,0,0,0,0,0
4dd341a2d22d4d4d408ae344,1.353681495,103.9623785,,Tampines,SIMEI MRT              ,17,17,0,10509.46,0,1,0.092441338,1,1,3,6,9,1,1,4,10,16,1.514349092,0,0,0,0,0,0.247026351,0,0,1,1,1,1.910373695,0,0,0,0,0,0.067847422,1,1,1,2,2,0,0,0,0,0,1,1,1,1,1,0,0,0,1,1,0,0,0,0,0,1.603312848,0,0,0,0,0,0,0,0,0,0,0,0,0,0,0,0,0,0,0,0,0,0,0,0,0,0,0,0,0,0,0,0,0,0,0,0,0,0,0,0
4def9f8f52b1d9bad3c37b70,1.344904228,103.7222449,649845,201 Boon Lay Way,LAKESIDE MRT           ,16,16,0,8244.39,0,0,0.184876381,0,2,6,11,11,0,10,24,41,41,0.143884687,0,1,1,1,1,1.841286327,0,0,0,0,0,1.927855345,0,0,0,0,0,0.236600603,0,0,1,4,4,0,0,0,0,0,0,0,0,2,2,0,0,1,2,2,0,0,0,0,0,1.110354247,0,0,0,0,0,0,0,0,0,0,0,0,0,0,0,0,0,0,0,0,0,0,0,0,0,0,0,0,0,0,0,0,0,0,0,0,0,0,0,0
4df5fe0288772e1f815bc1c5,1.297099842,103.8568021,189702,"#01-57/60, Shaw Leisure Gallery (100 Beach Road)",BUGIS MRT              ,1742,1748,6,9338.59,0,1,0.017091426,2,7,10,18,28,12,43,61,109,196,0.34409219,0,0,0,1,2,0.271585699,0,0,1,1,1,0.271585699,0,0,2,3,3,0.762217936,0,0,0,0,0,0,0,0,0,0,0,0,0,0,0,0,0,0,0,0,0,0,0,0,0,0.282161311,0,0,1,2,4,0,0,0,1,1,0,0,0,0,1,0,0,0,0,0,0,0,1,1,1,0,0,0,0,0,0,0,0,0,1,0,0,0,0,0
4e2f6b3b45ddcf0f5c831156,1.304649607,103.7729967,138608,"#B1-01, Education Resource Centre (8 College Ave. West)",dover ,4612,4621,9,9338.59,1,0,0.353131824,0,0,0,4,9,0,0,0,23,33,0.97484869,0,0,0,0,0,1.044786856,0,0,0,0,0,1.658152564,0,0,0,0,0,0.478649719,0,0,0,0,1,0,0,0,0,0,0,0,0,0,0,0,0,0,0,0,0,0,0,0,1,0.321508677,0,0,0,1,1,0,0,0,0,0,0,0,0,1,1,0,0,0,0,0,0,0,0,0,0,0,0,0,0,0,0,0,0,0,0,0,0,0,0,0
4e5cdc12aeb7a6ca53e58541,1.361575702,103.9917326,819642,"#021-022, Terminal 1 Departure/Transit Lounge East (80 Airport Blvd)",SIMEI MRT              ,5677,5750,73,10509.46,1,1,0.119815833,0,1,1,1,1,0,6,6,6,6,4.731771268,0,0,0,0,0,0.791223655,0,0,0,0,0,0.317064504,0,0,0,3,3,3.372518773,0,0,0,0,0,0,0,0,0,0,0,0,0,0,0,0,0,0,0,0,0,0,0,0,0,1.969030149,0,0,0,0,0,0,0,0,0,0,0,0,0,0,0,0,0,0,0,0,0,0,0,0,0,0,0,0,0,0,0,0,0,0,0,0,0,0,0,0
4e8c3ecb0cd65621ed5ec8b7,1.347229201,103.6811582,639798,"NTU (Student Activities Centre), NS3-01-07 North Spine (50 Nanyang Ave.)",pioneer ,2528,2622,94,20491.68,0,0,0.106953129,0,2,2,3,6,0,2,2,3,6,2.062317257,0,0,0,0,0,1.870719108,0,0,0,0,0,0.351792936,0,0,0,1,1,0.946880444,0,0,0,0,0,0,0,0,0,0,0,0,0,0,0,0,0,0,0,0,0,0,0,0,0,0.494614587,0,0,0,0,1,0,0,0,0,0,0,0,0,0,0,0,0,0,0,1,0,0,0,0,0,0,0,0,0,0,0,0,0,0,0,0,0,0,0,0
4eb147cbd3e36bac66ef6ea5,1.305586349,103.7878418,138640,37 Rochester Dr,BUONA VISTA MRT        ,8545,8573,28,9338.59,0,0,0.156128378,0,1,2,6,10,0,9,15,46,64,0.330619632,0,0,0,1,1,0.376140174,0,0,0,1,1,1.020997843,0,0,0,0,0,0.383629999,0,0,0,1,1,0,0,0,1,1,0,0,0,0,0,0,0,0,0,0,0,0,0,0,0,1.737256239,0,0,0,0,0,0,0,0,0,0,0,0,0,0,0,0,0,0,0,0,0,0,0,0,0,0,0,0,0,0,0,0,0,0,0,0,0,0,0,0
4eb372c77ee5024d7e28ad3c,1.334343084,103.9625628,486038,#01-25 Changi City Point (5 Changi Business Park Central 1),SIMEI MRT              ,3795,3826,31,5665.25,0,1,0.129894232,0,2,4,6,11,0,6,12,14,26,1.48033318,0,0,0,0,0,1.421886433,0,0,0,0,0,0.038368941,1,1,1,1,3,1.326585684,0,0,0,0,0,0,0,0,0,0,0,0,0,0,0,0,0,0,0,0,0,0,0,0,0,3.347535713,0,0,0,0,0,0,0,0,0,0,0,0,0,0,0,0,0,0,0,0,0,0,0,0,0,0,0,0,0,0,0,0,0,0,0,0,0,0,0,0
4efd4774d3e364d5f9f58cdd,1.352096114,103.9442335,,Orchard road,TAMPINES MRT           ,63,63,0,10509.46,0,1,0.067367851,1,2,5,9,16,5,12,48,73,115,0.191234233,0,1,1,1,1,0.128797067,0,1,1,1,1,0.084239506,1,1,2,2,2,0.259295753,0,0,1,2,2,0,0,0,0,0,0,0,1,1,1,0,0,0,1,1,0,0,0,0,0,3.496931309,0,0,0,0,0,0,0,0,0,0,0,0,0,0,0,0,0,0,0,0,0,0,0,0,0,0,0,0,0,0,0,0,0,0,0,0,0,0,0,0
4f040f6de30090dfdb7694b4,1.295688207,103.781768,117597,#01-40 Yong Loo Lin School of Medicine (10 Medical Dr.),kent ridge,1597,1614,17,9338.59,0,0,0.195252053,0,2,4,6,15,0,2,4,13,40,0.499784558,0,0,0,0,1,1.495281187,0,0,0,0,0,0.27755034,0,0,1,1,1,0.719606717,0,0,0,0,0,0,0,0,0,0,0,0,0,0,0,0,0,0,0,0,0,0,0,0,0,1.141995861,0,0,0,0,0,0,0,0,0,0,0,0,0,0,0,0,0,0,0,0,0,0,0,0,0,0,0,0,0,0,0,0,0,0,0,0,0,0,0,0
4fd7f799e4b01476c5321f74,1.30671834,103.8284839,238876,"#01-01, Delfi Orchard (402 Orchard Rd)",ORCHARD MRT            ,2832,2861,29,9338.59,0,1,0.03402366,1,1,4,6,8,12,12,45,56,84,0.49525359,0,0,0,0,1,0.045568536,1,1,1,2,2,0.045568536,1,1,1,1,2,0.558821445,0,0,0,0,0,0,0,0,0,0,0,0,0,0,0,0,0,0,0,0,0,0,0,0,0,0.520807192,0,0,0,0,0,0,0,0,0,0,0,0,0,0,0,0,0,0,0,0,0,0,0,0,0,0,0,0,0,0,0,0,0,0,0,0,0,0,0,0
5066d21be4b0f6898ec13a24,1.274459158,103.8433528,79027,"#01-05, 100 AM (100 Tras St)",TJG. PAGAR MRT         ,2886,2908,22,9338.59,0,1,0.033138501,2,4,7,14,18,4,26,41,96,125,0.396877461,0,0,0,1,1,2.506333236,0,0,0,0,0,0.33964132,0,0,0,1,1,0.394440489,0,0,0,1,1,0,0,0,0,0,0,0,0,1,1,0,0,0,0,0,0,0,0,0,0,0.243527083,0,0,1,1,2,0,0,1,1,1,0,0,0,0,1,0,0,0,0,0,0,0,0,0,0,0,0,0,0,0,0,0,0,0,0,0,0,0,0,0
507652f4e4b00c174b0a60c6,1.279391001,103.854526,18982,#13-35 Marina Bay Financial Centre Tower 3 (12 Marina Blvd),downtown,574,601,27,9338.59,0,0,0.120661367,0,2,4,5,5,0,18,36,56,56,0.197675304,0,1,1,3,3,1.272358494,0,0,0,0,0,0.162100867,0,1,1,1,1,1.668369519,0,0,0,0,0,0,0,0,0,0,0,0,0,0,0,0,0,0,0,0,0,0,0,0,0,0.236252096,0,0,1,1,2,0,0,0,0,1,0,0,0,0,0,0,0,0,0,0,0,0,0,0,0,0,0,0,0,0,0,0,1,1,1,0,0,0,0,0
50a17ba0e4b01b6888355578,1.357220982,103.9876896,819642,"#B2-34, Terminal 3 Retail Mall, Changi International Airport (65 Airport Blvd.)",SIMEI MRT              ,1790,1811,21,10509.46,1,1,0.138565023,0,1,2,2,2,0,6,12,12,12,4.128196825,0,0,0,0,0,0.142645481,0,1,2,2,2,0.300803958,0,0,0,1,1,2.907844846,0,0,0,0,0,0,0,0,0,0,0,0,0,0,0,0,0,0,0,0,0,0,0,0,0,1.615473142,0,0,0,0,0,0,0,0,0,0,0,0,0,0,0,0,0,0,0,0,0,0,0,0,0,0,0,0,0,0,0,0,0,0,0,0,0,0,0,0
50a9d001e4b0e4f42e7decc2,1.298824388,103.9067892,,112 EAST COAST ROAD (JOO CHIAT ROAD),dakota,30,30,0,5665.25,0,0,0.147363285,0,1,1,1,3,0,1,1,1,27,2.271970248,0,0,0,0,0,0.341723452,0,0,0,1,1,0.30095141,0,0,0,1,2,0.845774106,0,0,0,0,0,0,0,0,0,0,0,0,0,0,0,0,0,0,0,0,0,0,0,0,0,0.63839187,0,0,0,0,0,0,0,0,0,0,0,0,0,0,0,0,0,0,0,0,0,0,0,0,0,0,0,0,0,0,0,0,0,0,0,0,0,0,0,0
50bcad6ae4b07b04b525e195,1.30115616,103.8368112,239695,#01-K1 Cathay Cineleisure Orchard (8 Grange Rd.),SOMERSET MRT           ,3343,3363,20,9338.59,1,1,0.101770626,0,3,5,5,8,0,52,99,99,147,0.249750161,0,0,1,1,1,0.492589435,0,0,0,0,1,0.346867816,0,0,0,3,3,0.809052706,0,0,0,0,0,0,0,0,0,0,0,0,0,0,0,0,0,0,0,0,0,0,0,0,0,0.593452554,0,0,0,0,0,0,0,0,0,0,0,0,0,0,0,0,0,0,0,0,0,0,0,0,0,0,0,0,0,0,0,0,0,0,0,0,0,0,0,0
50ebe571e4b0aaf3b73fdce4,1.32455136,103.9327216,467351,"#01-09 & #01-K2/K3/K4, Bedok Point (799 New Upper Changi Rd)",BEDOK MRT              ,2868,2899,31,5665.25,0,1,0.219142246,0,0,2,7,9,0,0,18,48,90,0.285804105,0,0,1,1,1,0.406457249,0,0,0,0,1,2.846756429,0,0,0,0,0,0.563685208,0,0,0,0,0,0,0,0,0,0,0,0,0,0,0,0,0,0,0,0,0,0,0,0,0,3.432780726,0,0,0,0,0,0,0,0,0,0,0,0,0,0,0,0,0,0,0,0,0,0,0,0,0,0,0,0,0,0,0,0,0,0,0,0,0,0,0,0
50fd1f77e4b02622c47da395,1.333684513,103.7402841,609731,"#02-19, JCube (2 Jurong East Central 1)",JURONG EAST MRT        ,1499,1505,6,20491.68,0,1,0.072986877,1,5,10,14,16,1,57,103,118,133,0.276930162,0,0,1,1,1,0.381498332,0,0,0,1,1,0.381203271,0,0,0,1,1,0.560511259,0,0,0,0,0,0,0,0,0,0,0,0,0,0,0,0,0,0,0,0,0,0,0,0,0,0.497224075,0,0,0,0,1,0,0,0,0,0,0,0,0,0,0,0,0,0,0,0,0,0,0,0,0,0,0,0,0,0,0,0,0,0,0,0,0,0,0,1
510b6f6ce4b040b589b243f7,1.30307,103.796875,149598,401 Commonwealth Drive,COMMONWEALTH MRT       ,1,1,0,9338.59,0,0,0.172341239,0,2,4,6,8,0,21,24,36,55,0.19335324,0,1,1,1,1,0.758064113,0,0,0,0,0,0.920756862,0,0,0,0,0,0.466748588,0,0,0,0,1,0,0,0,0,0,0,0,0,0,1,0,0,0,0,0,0,0,0,0,0,2.43180892,0,0,0,0,0,0,0,0,0,0,0,0,0,0,0,0,0,0,0,0,0,0,0,0,0,0,0,0,0,0,0,0,0,0,0,0,0,0,0,0
513effa2e4b06af3deb5de2b,1.286103695,103.8477432,49145,#01-02 One George Street (1 George St.),clark quay,832,848,16,9338.59,0,0,0.143019091,0,3,7,12,17,0,30,57,122,152,0.285629163,0,0,1,1,2,1.661291835,0,0,0,0,0,0.32735583,0,0,0,1,1,1.185020976,0,0,0,0,0,0,0,0,0,0,0,0,0,0,0,0,0,0,0,0,0,0,0,0,0,0.148474566,0,1,2,4,9,0,1,1,1,1,0,0,0,0,0,0,0,0,1,4,0,0,0,1,3,0,0,0,0,0,0,0,1,1,1,0,0,0,0,0
51b54ab4498ecfb077514ff7,1.372622493,103.893689,538766,#02-11 Hougang Mall (90 Hougang Ave. -0),hougang,1199,1213,14,10509.46,0,1,0.196154401,0,1,8,12,20,0,4,66,95,151,0.218168824,0,0,1,1,1,0.027689047,1,1,1,1,1,2.188258058,0,0,0,0,0,0.303161789,0,0,0,1,3,0,0,0,0,0,0,0,0,0,2,0,0,0,1,1,0,0,0,0,0,2.188881761,0,0,0,0,0,0,0,0,0,0,0,0,0,0,0,0,0,0,0,0,0,0,0,0,0,0,0,0,0,0,0,0,0,0,0,0,0,0,0,0
51b6b233498e88b3b347940b,1.333431021,103.7429094,608549,"#01-02, Jem (50 Jurong Gateway Rd)",JURONG EAST MRT        ,2510,2549,39,20491.68,0,1,0.151972396,0,2,4,10,15,0,22,28,70,129,0.130866249,0,1,1,1,1,0.09272509,1,1,1,1,1,0.09248875,1,1,1,1,2,0.82961102,0,0,0,0,0,0,0,0,0,0,0,0,0,0,0,0,0,0,0,0,0,0,0,0,0,0.784137688,0,0,0,0,0,0,0,0,0,0,0,0,0,0,0,0,0,0,0,0,0,0,0,0,0,0,0,0,0,0,0,0,0,0,0,0,0,0,0,0
52025782498e4b6fd8830493,1.351759,103.953062,,Emporium Pluit Mall,SIMEI MRT              ,3,3,0,10509.46,0,1,0.120958533,0,2,8,10,15,0,21,50,52,75,0.895017933,0,0,0,0,0,0.850303382,0,0,0,0,0,0.920863251,0,0,0,0,0,0.207719899,0,0,2,2,3,0,0,0,0,0,0,0,2,2,3,0,0,0,0,0,0,0,0,0,0,2.603024786,0,0,0,0,0,0,0,0,0,0,0,0,0,0,0,0,0,0,0,0,0,0,0,0,0,0,0,0,0,0,0,0,0,0,0,0,0,0,0,0
5223fa6d498e08038e0bba38,1.340404518,103.9495366,529889,"Lv 1 Main Atrium, Changi General Hospital (2 Simei St. 3)",SIMEI MRT              ,497,501,4,5665.25,0,0,0.134202613,0,3,7,8,13,0,14,23,28,48,0.540378347,0,0,0,0,0,0.466175462,0,0,0,0,1,1.330516612,0,0,0,0,0,0.253137662,0,0,1,2,2,0,0,0,0,0,0,0,1,1,1,0,0,0,1,1,0,0,0,0,0,3.643674031,0,0,0,0,0,0,0,0,0,0,0,0,0,0,0,0,0,0,0,0,0,0,0,0,0,0,0,0,0,0,0,0,0,0,0,0,0,0,0,0
5237a8f811d2628ae8782b03,1.306023505,103.7913884,138588,#01-13/14 The Metropolis (9 North Buona Vista Dr.),BUONA VISTA MRT        ,1107,1126,19,9338.59,0,1,0.0688186,1,4,4,10,15,9,50,50,100,127,0.18314849,0,1,1,1,1,0.076784158,1,1,1,1,1,0.707486717,0,0,0,0,0,0.746033337,0,0,0,0,0,0,0,0,0,0,0,0,0,0,0,0,0,0,0,0,0,0,0,0,0,2.132028505,0,0,0,0,0,0,0,0,0,0,0,0,0,0,0,0,0,0,0,0,0,0,0,0,0,0,0,0,0,0,0,0,0,0,0,0,0,0,0,0
524e02fe11d29b2194e95a51,1.278273642,103.8510496,18961,"#02-22, Asia Square Tower 2 (12 Marina View)",downtown,828,839,11,9338.59,0,0,0.166342264,0,1,3,6,12,0,29,52,101,148,0.220981502,0,0,1,1,3,1.674413425,0,0,0,0,0,0.346625715,0,0,0,2,2,1.263297895,0,0,0,0,0,0,0,0,0,0,0,0,0,0,0,0,0,0,0,0,0,0,0,0,0,0.280336818,0,0,1,1,2,0,0,1,1,1,0,0,0,0,0,0,0,0,0,1,0,0,0,0,0,0,0,0,0,0,0,0,0,0,0,0,0,0,0,0
525242f08bbd79f3aa042a18,1.283339817,103.8515592,49315,"#B1-07, Ocean Financial Centre (10 Collyer Quay)",RAFFLES PL. MRT        ,765,782,17,9338.59,0,0,0.160660975,0,3,5,9,11,0,37,65,90,113,0.092328522,1,1,1,2,3,1.470575848,0,0,0,0,0,0.387948536,0,0,0,1,1,1.545345705,0,0,0,0,0,0,0,0,0,0,0,0,0,0,0,0,0,0,0,0,0,0,0,0,0,0.302573156,0,0,0,2,5,0,0,0,1,1,0,0,0,0,0,0,0,0,1,1,0,0,0,0,3,0,0,0,0,0,0,0,0,0,0,0,0,0,0,0
526763c311d22cdfeb945d19,1.293905653,103.7845266,119082,#03-12 One@KentRidge (NUH Medical Centre) (1 Lower Kent Ridge Rd.),kent ridge,463,475,12,9338.59,0,0,0.046167572,2,5,9,14,20,2,10,30,35,53,0.162748269,0,1,1,1,1,1.590506483,0,0,0,0,0,0.095668316,1,1,1,1,1,0.773626896,0,0,0,0,0,0,0,0,0,0,0,0,0,0,0,0,0,0,0,0,0,0,0,0,0,0.94619418,0,0,0,0,0,0,0,0,0,0,0,0,0,0,0,0,0,0,0,0,0,0,0,0,0,0,0,0,0,0,0,0,0,0,0,0,0,0,0,0
529c2c4111d2b422b74fb784,1.33353851,103.742496,608532,"#02-04/04A, Westgate (3 Gateway Dr.)",JURONG EAST MRT        ,1644,1683,39,20491.68,0,1,0.106981639,0,2,5,10,16,0,22,39,71,138,0.130369905,0,1,1,1,1,0.139599779,0,1,1,1,1,0.139347116,0,1,1,1,1,0.782878248,0,0,0,0,0,0,0,0,0,0,0,0,0,0,0,0,0,0,0,0,0,0,0,0,0,0.739257843,0,0,0,0,0,0,0,0,0,0,0,0,0,0,0,0,0,0,0,0,0,0,0,0,0,0,0,0,0,0,0,0,0,0,0,0,0,0,0,0
529f16f4498e761f69bb1f26,1.324511334,103.9301326,467360,"#01-92/93, Bedok Mall (311 New Upper Changi Rd.)",BEDOK MRT              ,1818,1879,61,5665.25,0,1,0.027562062,1,3,3,3,6,9,51,51,51,65,0.051842289,1,1,1,1,1,0.19583482,0,1,1,1,1,2.666837829,0,0,0,0,0,0.622096229,0,0,0,0,0,0,0,0,0,0,0,0,0,0,0,0,0,0,0,0,0,0,0,0,0,3.195745629,0,0,0,0,0,0,0,0,0,0,0,0,0,0,0,0,0,0,0,0,0,0,0,0,0,0,0,0,0,0,0,0,0,0,0,0,0,0,0,0
52bfba7411d24e4d8baf0808,1.344709417,103.9498312,,#02-K09 Airport Terminal 1 Departure/ Transit Lounge West,SIMEI MRT              ,10,10,0,10509.46,0,1,0.193125135,0,1,1,6,8,0,1,1,10,16,0.379987535,0,0,0,1,1,0.408476893,0,0,0,0,1,1.114396194,0,0,0,0,0,0.453758587,0,0,0,0,1,0,0,0,0,0,0,0,0,0,1,0,0,0,0,0,0,0,0,0,0,3.318151431,0,0,0,0,0,0,0,0,0,0,0,0,0,0,0,0,0,0,0,0,0,0,0,0,0,0,0,0,0,0,0,0,0,0,0,0,0,0,0,0
52c765b5498eed632d22897c,1.348867567,103.9360074,529705,5 Tampines Ave 3 (Tampines West Community Club),TAMPINES MRT           ,1320,1339,19,10509.46,0,0,0.059927711,1,2,8,12,16,1,3,14,25,49,1.116459784,0,0,0,0,0,1.110146273,0,0,0,0,0,0.970362604,0,0,0,0,0,0.109508577,0,2,2,2,4,0,0,0,0,0,0,1,1,1,3,0,1,1,1,1,0,0,0,0,0,4.47845064,0,0,0,0,0,0,0,0,0,0,0,0,0,0,0,0,0,0,0,0,0,0,0,0,0,0,0,0,0,0,0,0,0,0,0,0,0,0,0,0
52da049f498eb1d64350413d,1.281027295,103.8511629,48581,"#01-01, Hong Leong Building (16 Raffles Quay)",downtown,688,703,15,9338.59,0,0,0.022250871,1,2,7,8,13,20,34,72,101,158,0.260557556,0,0,1,3,3,1.558923792,0,0,0,0,0,0.272488884,0,0,1,1,1,1.37893885,0,0,0,0,0,0,0,0,0,0,0,0,0,0,0,0,0,0,0,0,0,0,0,0,0,0.08732544,1,1,1,3,3,1,1,1,1,1,0,0,0,0,0,0,0,0,2,2,0,0,0,0,0,0,0,0,0,0,0,0,0,0,0,0,0,0,0,0
52fddabd498e48893061a262,1.287060141,103.8535125,49215,#02-01/02/03 The Fullerton Waterboat House (3 Fullerton Road),RAFFLES PL. MRT        ,2328,2388,60,9338.59,0,0,0.163807711,0,1,2,4,7,0,19,25,46,94,0.377786681,0,0,0,1,1,1.16136917,0,0,0,0,0,0.349880984,0,0,0,1,1,1.826562861,0,0,0,0,0,0,0,0,0,0,0,0,0,0,0,0,0,0,0,0,0,0,0,0,0,0.117639557,0,3,5,11,12,0,0,0,2,2,0,0,1,2,3,0,0,0,0,0,0,2,3,6,6,0,0,0,0,0,0,0,0,0,0,0,1,1,1,1
5319dc6e498ea3dcb260782e,1.36278704,103.9894861,819642,"#02-04, Departure/Check In Hall West, Terminal 1 (Changi International Airport)",SIMEI MRT              ,535,539,4,10509.46,1,1,0.216224153,0,0,1,1,1,0,0,6,6,6,4.567314932,0,0,0,0,0,0.751777299,0,0,0,0,0,0.290935875,0,0,3,3,3,3.097604183,0,0,0,0,0,0,0,0,0,0,0,0,0,0,0,0,0,0,0,0,0,0,0,0,0,1.719479394,0,0,0,0,0,0,0,0,0,0,0,0,0,0,0,0,0,0,0,0,0,0,0,0,0,0,0,0,0,0,0,0,0,0,0,0,0,0,0,0
5328fbf5498e15d906b44e2b,1.30339812,103.7922429,138547,70 Biopolis St. #01-03.,BUONA VISTA MRT        ,226,228,2,9338.59,0,0,0.357850324,0,0,0,4,8,0,0,0,38,80,0.480678815,0,0,0,0,1,0.382776155,0,0,0,1,1,0.921682068,0,0,0,0,0,0.773732768,0,0,0,0,0,0,0,0,0,0,0,0,0,0,0,0,0,0,0,0,0,0,0,0,0,2.18150134,0,0,0,0,0,0,0,0,0,0,0,0,0,0,0,0,0,0,0,0,0,0,0,0,0,0,0,0,0,0,0,0,0,0,0,0,0,0,0,0
5364edca498eea7dda90313b,1.300211222,103.8392795,238858,"#B2-04, Orchard Gateway (277 Orchard Rd.)",SOMERSET MRT           ,798,819,21,9338.59,0,1,0.056407397,1,3,5,7,9,30,74,113,146,160,0.071130757,1,1,1,1,1,0.768459794,0,0,0,0,0,0.114095254,0,1,2,2,2,0.776683894,0,0,0,0,0,0,0,0,0,0,0,0,0,0,0,0,0,0,0,0,0,0,0,0,0,0.813253161,0,0,0,0,0,0,0,0,0,0,0,0,0,0,0,0,0,0,0,0,0,0,0,0,0,0,0,0,0,0,0,0,0,0,0,0,0,0,0,0
53870d2e498e11317d20656e,1.295339753,103.8592707,38983,"#02-613/614, Suntec City Mall (3 Temasek Blvd)",promenade,576,597,21,9338.59,0,1,0.043223033,2,4,7,10,18,2,19,40,67,110,0.183942007,0,1,1,1,2,0.077588313,1,1,1,1,1,0.077588313,2,2,2,2,3,0.987795495,0,0,0,0,0,0,0,0,0,0,0,0,0,0,0,0,0,0,0,0,0,0,0,0,0,0.553192572,0,0,0,0,0,0,0,0,0,0,0,0,0,0,0,0,0,0,0,0,0,0,0,0,0,0,0,0,0,0,0,0,0,0,0,0,0,0,0,0
53d73614498e79c1732d8107,1.328831482,103.7761829,599491,"Block C, C.1.07, Singapore Institute of Management (535A Clementi Rd.)",king alber park,586,631,45,9338.59,0,0,0.105754242,0,2,4,5,6,0,18,36,45,54,1.148805621,0,0,0,0,0,2.022419236,0,0,0,0,0,0.606017302,0,0,0,0,0,0.857368604,0,0,0,0,0,0,0,0,0,0,0,0,0,0,0,0,0,0,0,0,0,0,0,0,0,2.736719323,0,0,0,0,0,0,0,0,0,0,0,0,0,0,0,0,0,0,0,0,0,0,0,0,0,0,0,0,0,0,0,0,0,0,0,0,0,0,0,0
53d7c108498ec2091fa42fce,1.2939468,103.8533486,,252 North Bridge Road #01-46 / 47 / 48 (Shopping Centre),CITY HALL MRT          ,3,3,0,9338.59,0,1,0.101082757,0,2,7,15,22,0,32,89,184,242,0.156837411,0,1,2,2,2,0.66378385,0,0,0,0,0,0.49434509,0,0,0,0,1,1.187029647,0,0,0,0,0,0,0,0,0,0,0,0,0,0,0,0,0,0,0,0,0,0,0,0,0,0.148046139,0,3,7,7,15,0,0,3,3,3,0,0,0,0,4,0,1,1,1,3,0,1,2,2,4,0,0,0,0,0,0,1,1,1,1,0,0,0,0,0
540ad649498e20a6ab18a1c6,1.362959016,103.7647135,667979,"#01-05, hillV2 (4 Hillview Rise)",hillview,432,449,17,8244.39,0,1,0.07782926,1,6,8,10,13,1,16,34,54,85,0.306027151,0,0,0,1,1,1.891672319,0,0,0,0,0,0.588782533,0,0,0,0,0,0.490200808,0,0,0,0,1,0,0,0,0,0,0,0,0,0,1,0,0,0,0,0,0,0,0,0,0,1.268425249,0,0,0,0,0,0,0,0,0,0,0,0,0,0,0,0,0,0,0,0,0,0,0,0,0,0,0,0,0,0,0,0,0,0,0,0,0,0,0,0
54190be5498e3bf83a894c02,1.298680212,103.9069082,449875,#01-17 Parkland Green (920 East Coast Parkway),dakota,761,794,33,5665.25,0,0,0.167467496,0,1,1,1,3,0,1,1,1,27,2.291144337,0,0,0,0,0,0.360057695,0,0,0,1,1,0.321641144,0,0,0,1,1,0.851184095,0,0,0,0,0,0,0,0,0,0,0,0,0,0,0,0,0,0,0,0,0,0,0,0,0,0.631733172,0,0,0,0,0,0,0,0,0,0,0,0,0,0,0,0,0,0,0,0,0,0,0,0,0,0,0,0,0,0,0,0,0,0,0,0,0,0,0,0
54427aa8498ed784c32ef12d,1.315088998,103.8939552,,Tanjong Katong,paya lebar,5,5,0,5665.25,0,1,0.071739035,1,5,11,12,17,9,30,75,83,129,0.347688704,0,0,0,2,2,1.734703956,0,0,0,0,0,0.477006497,0,0,0,0,1,0.730829742,0,0,0,0,0,0,0,0,0,0,0,0,0,0,0,0,0,0,0,0,0,0,0,0,0,0.824933792,0,0,0,0,0,0,0,0,0,0,0,0,0,0,0,0,0,0,0,0,0,0,0,0,0,0,0,0,0,0,0,0,0,0,0,0,0,0,0,0
54488c52498eb164f5161679,1.315229732,103.894176,437157,"01-17/18/19, OneKM Shopping Mall (11 Tanjong Katong Rd.)",paya lebar,640,656,16,5665.25,0,1,0.095519722,1,5,11,12,17,9,30,75,83,129,0.341369267,0,0,0,2,2,1.76369062,0,0,0,0,0,0.457214396,0,0,0,0,1,0.75827727,0,0,0,0,0,0,0,0,0,0,0,0,0,0,0,0,0,0,0,0,0,0,0,0,0,0.817928741,0,0,0,0,0,0,0,0,0,0,0,0,0,0,0,0,0,0,0,0,0,0,0,0,0,0,0,0,0,0,0,0,0,0,0,0,0,0,0,0
5469691e498ea0e86567e0cd,1.292955425,103.8262536,248371,"#01-16, Valley Point Shopping Centre (491 River Valley Rd.)",TIONG BAHRU MRT        ,510,557,47,9338.59,0,1,0.044865152,2,3,3,9,12,10,15,15,41,55,0.732564524,0,0,0,0,0,0.65859737,0,0,0,0,0,0.65859737,0,0,0,0,0,0.463686985,0,0,0,0,1,0,0,0,0,0,0,0,0,0,1,0,0,0,0,0,0,0,0,0,0,1.330434021,0,0,0,0,0,0,0,0,0,0,0,0,0,0,0,0,0,0,0,0,0,0,0,0,0,0,0,0,0,0,0,0,0,0,0,0,0,0,0,0
5486966d498ee191fa65b94d,1.297552524,103.8502622,189554,#01-02B Manulife Centre (51 Bras Basah Road),bras basah,886,936,50,9338.59,0,0,0.063472317,1,5,9,17,23,4,87,145,194,248,0.021050099,1,1,1,1,3,0.983590949,0,0,0,0,0,0.503649436,0,0,0,0,0,0.909769517,0,0,0,0,0,0,0,0,0,0,0,0,0,0,0,0,0,0,0,0,0,0,0,0,0,0.090710742,2,4,5,8,12,1,1,2,2,4,1,2,2,4,4,0,0,0,1,1,0,1,1,1,2,0,0,0,0,1,0,0,0,0,0,0,0,0,0,0
54c1d8a1498e10a990c2234a,1.275692842,103.8463618,,20 Anson Road,TJG. PAGAR MRT         ,134,136,2,9338.59,0,0,0.004287994,1,3,6,13,15,9,38,80,129,160,0.149962461,0,1,1,1,1,2.268205737,0,0,0,0,0,0.067156699,1,1,2,2,2,0.707270941,0,0,0,0,0,0,0,0,0,0,0,0,0,0,0,0,0,0,0,0,0,0,0,0,0,0.296394226,0,0,1,1,2,0,0,0,0,0,0,0,1,1,1,0,0,0,0,0,0,0,0,0,1,0,0,0,0,0,0,0,0,0,0,0,0,0,0,0
54ce99a0498e778070f43a68,1.275547956,103.8462373,,"#01-01, 20 Anson (20 Anson Road)",TJG. PAGAR MRT         ,238,253,15,9338.59,0,0,0.019827729,1,3,7,12,15,9,38,92,120,160,0.161427428,0,1,1,1,1,2.287695457,0,0,0,0,0,0.071449001,1,1,2,2,2,0.693430518,0,0,0,0,0,0,0,0,0,0,0,0,0,0,0,0,0,0,0,0,0,0,0,0,0,0.309184503,0,0,0,1,2,0,0,0,0,0,0,0,0,1,1,0,0,0,0,0,0,0,0,0,1,0,0,0,0,0,0,0,0,0,0,0,0,0,0,0
550d7de1498e54d47b023460,1.295195591,103.8580081,38983,"3 Temasek Boulevard, #01-1086C, Suntec City Mall",promenade,159,165,6,9338.59,0,1,0.085486273,2,5,9,13,22,17,22,55,69,167,0.278224942,0,0,1,2,2,0.136893321,0,1,1,1,1,0.136893321,0,2,2,2,3,0.97878759,0,0,0,0,0,0,0,0,0,0,0,0,0,0,0,0,0,0,0,0,0,0,0,0,0,0.420867451,0,0,0,0,3,0,0,0,0,1,0,0,0,0,0,0,0,0,0,0,0,0,0,0,2,0,0,0,0,0,0,0,0,0,0,0,0,0,0,0
552b3718498e003e2d965ce2,1.28992792,103.8496286,179104,#01-01 EFG Bank Building (25 North Bridge Road),clark quay,307,339,32,9338.59,0,0,0.085341656,2,5,7,15,18,27,43,65,173,202,0.358226721,0,0,0,1,2,1.236434987,0,0,0,0,0,0.598897935,0,0,0,0,0,1.444741173,0,0,0,0,0,0,0,0,0,0,0,0,0,0,0,0,0,0,0,0,0,0,0,0,0,0.185321873,0,2,4,8,16,0,1,1,1,2,0,1,2,2,3,0,0,0,1,3,0,0,1,3,6,0,0,0,0,0,0,0,0,1,2,0,0,0,0,0
5533b959498ea9b86018aa21,1.286549939,103.8431688,169608,SGH BLK4,china town,2,2,0,9338.59,1,0,0.095835681,1,3,7,10,15,5,17,61,75,106,0.297242882,0,0,1,1,2,1.483471746,0,0,0,0,0,0.247455787,0,0,1,1,1,0.675667032,0,0,0,0,0,0,0,0,0,0,0,0,0,0,0,0,0,0,0,0,0,0,0,0,0,0.362634613,0,0,0,3,5,0,0,0,1,1,0,0,0,0,0,0,0,0,1,2,0,0,0,1,1,0,0,0,0,0,0,0,0,0,1,0,0,0,0,0
555486fc498eca876e320aad,1.334301798,103.9625968,819642,5 Changi Business Park Central 1 #01-25 Changi City Point (Changi City Point),SIMEI MRT              ,8,8,0,5665.25,1,1,0.12730795,0,2,4,6,11,0,6,12,14,25,1.486249152,0,0,0,0,0,1.427758451,0,0,0,0,0,0.032439687,1,1,1,1,3,1.332274355,0,0,0,0,0,0,0,0,0,0,0,0,0,0,0,0,0,0,0,0,0,0,0,0,0,3.350345467,0,0,0,0,0,0,0,0,0,0,0,0,0,0,0,0,0,0,0,0,0,0,0,0,0,0,0,0,0,0,0,0,0,0,0,0,0,0,0,0
55783c2b498e608555f44dfc,1.342304186,103.9532364,,Eastpoint (Simei),SIMEI MRT              ,514,525,11,10509.46,0,1,0.025957315,2,3,8,12,13,10,12,23,34,36,0.157053052,0,1,1,1,1,0.062963557,1,1,1,1,1,1.207908072,0,0,0,0,0,0.166596075,0,1,2,2,2,0,0,0,0,0,0,0,1,1,1,0,1,1,1,1,0,0,0,0,0,3.198049962,0,0,0,0,0,0,0,0,0,0,0,0,0,0,0,0,0,0,0,0,0,0,0,0,0,0,0,0,0,0,0,0,0,0,0,0,0,0,0,0
558d39ce498ef11601ce000f,1.37965355,103.7642156,677743,#02-09/09A Bukit Panjang Plaza (1 Jelebu Road),bukit panjang,453,472,19,8244.39,0,1,0.034255084,3,6,16,20,25,22,46,103,129,159,0.18328748,0,1,1,1,1,0.034999107,1,1,1,1,1,2.378146573,0,0,0,0,0,0.565383096,0,0,0,0,0,0,0,0,0,0,0,0,0,0,0,0,0,0,0,0,0,0,0,0,0,3.08233368,0,0,0,0,0,0,0,0,0,0,0,0,0,0,0,0,0,0,0,0,0,0,0,0,0,0,0,0,0,0,0,0,0,0,0,0,0,0,0,0
55d6fb7a498e5ac926a6782e,1.334382507,103.7445496,,Ng Teng Fong General Hospital (Jurong East St 21),JURONG EAST MRT        ,70,70,0,20491.68,0,0,0.241968346,0,0,3,8,10,0,0,11,51,63,0.327382915,0,0,0,1,1,0.176566649,0,1,1,1,1,0.176848664,0,1,2,2,2,0.870353971,0,0,0,0,0,0,0,0,0,0,0,0,0,0,0,0,0,0,0,0,0,0,0,0,0,0.977706497,0,0,0,0,0,0,0,0,0,0,0,0,0,0,0,0,0,0,0,0,0,0,0,0,0,0,0,0,0,0,0,0,0,0,0,0,0,0,0,0
55d8399f498e003c1f82126a,1.334349115,103.744459,609606,"#02-08, Ng Teng Fong General Hospital (1 Jurong East Street 21)",JURONG EAST MRT        ,298,306,8,20491.68,0,0,0.244976147,0,0,3,8,10,0,0,11,51,63,0.317521034,0,0,0,1,1,0.167966086,0,1,1,1,1,0.16824052,0,1,2,2,2,0.86670208,0,0,0,0,0,0,0,0,0,0,0,0,0,0,0,0,0,0,0,0,0,0,0,0,0,0.967166726,0,0,0,0,0,0,0,0,0,0,0,0,0,0,0,0,0,0,0,0,0,0,0,0,0,0,0,0,0,0,0,0,0,0,0,0,0,0,0,0
562732c8498e4eae1d98fd48,1.304921785,103.8313936,,"#B1-01, Wheelock Place (501 Orchard Road)",ORCHARD MRT            ,245,253,8,9338.59,0,1,0.152895342,0,2,6,11,13,0,32,86,151,180,0.115177938,0,1,1,1,1,0.065937341,1,1,2,3,3,0.129377527,0,1,1,2,2,0.802355495,0,0,0,0,0,0,0,0,0,0,0,0,0,0,0,0,0,0,0,0,0,0,0,0,0,0.140679035,0,1,1,1,1,0,0,0,0,0,0,0,0,0,0,0,0,0,0,0,0,0,0,0,0,0,0,0,0,0,0,1,1,1,1,0,0,0,0,0
5629c3b3498ed8212ba6129e,1.288430671,103.8056051,,"#01-05/06, Anchorpoint (370 Alexandra Road)",QUEENSTOWN MRT         ,317,342,25,9338.59,0,1,0.024948222,2,3,4,10,15,7,17,27,66,91,0.648089114,0,0,0,0,0,1.706843775,0,0,0,0,0,1.672454811,0,0,0,0,0,0.879929504,0,0,0,0,0,0,0,0,0,0,0,0,0,0,0,0,0,0,0,0,0,0,0,0,0,0.77044119,0,0,0,0,0,0,0,0,0,0,0,0,0,0,0,0,0,0,0,0,0,0,0,0,0,0,0,0,0,0,0,0,0,0,0,0,0,0,0,0
56349a98498e5885a2f2930f,1.288637575,103.8055485,159953,"Anchorpoint Shopping Centre, 370 Alexandra Road, #01-05/06",QUEENSTOWN MRT         ,13,13,0,9338.59,0,1,0.01511026,2,2,3,10,15,7,7,17,66,91,0.626396817,0,0,0,0,0,1.727275944,0,0,0,0,0,1.692856431,0,0,0,0,0,0.85978448,0,0,0,0,0,0,0,0,0,0,0,0,0,0,0,0,0,0,0,0,0,0,0,0,0,0.78963756,0,0,0,0,0,0,0,0,0,0,0,0,0,0,0,0,0,0,0,0,0,0,0,0,0,0,0,0,0,0,0,0,0,0,0,0,0,0,0,0
563c8edacd1044ad65f80a6b,1.372543037,103.9495706,518457,"White Sands, 1 Pasir Ris Central Street 3",PASIR RIS MRT          ,436,466,30,10509.46,0,1,0.12215856,0,5,10,13,19,0,32,44,58,83,0.075290561,1,1,1,1,1,2.262470114,0,0,0,0,0,0.817651874,0,0,0,0,0,0.498958543,0,0,0,0,1,0,0,0,0,0,0,0,0,0,1,0,0,0,0,0,0,0,0,0,0,2.953087126,0,0,0,0,0,0,0,0,0,0,0,0,0,0,0,0,0,0,0,0,0,0,0,0,0,0,0,0,0,0,0,0,0,0,0,0,0,0,0,0
56419d9e498e16aeb40ed7ab,1.301607,103.839049,,227 Orchard Road #B2-04,SOMERSET MRT           ,3,3,0,9338.59,0,1,0.058711343,1,2,5,7,7,19,49,98,146,146,0.189378614,0,1,1,1,1,0.663762923,0,0,0,0,0,0.094682332,1,2,2,2,3,0.819317598,0,0,0,0,0,0,0,0,0,0,0,0,0,0,0,0,0,0,0,0,0,0,0,0,0,0.787812141,0,0,0,0,0,0,0,0,0,0,0,0,0,0,0,0,0,0,0,0,0,0,0,0,0,0,0,0,0,0,0,0,0,0,0,0,0,0,0,0
564db6fc498eb10280581211,1.288745765,103.8124706,,Anchorpoint,REDHILL MRT            ,13,14,1,9338.59,0,1,0.038028611,2,5,12,15,24,2,6,14,36,102,0.493083556,0,0,0,0,1,2.080581549,0,0,0,0,0,1.445532099,0,0,0,0,0,0.367824088,0,0,0,1,2,0,0,0,0,0,0,0,0,0,1,0,0,0,1,1,0,0,0,0,0,1.072580615,0,0,0,0,0,0,0,0,0,0,0,0,0,0,0,0,0,0,0,0,0,0,0,0,0,0,0,0,0,0,0,0,0,0,0,0,0,0,0,0
56666dca498ea2e5f1ab0c91,1.283467483,103.8486321,48770,#01-01 Far East Square (40 Pekin Street),telok ayer,170,185,15,9338.59,0,1,0.125111402,0,3,6,8,14,0,9,30,42,121,0.160697731,0,1,1,2,2,1.793780062,0,0,0,0,0,0.453496799,0,0,0,0,1,1.297025709,0,0,0,0,0,0,0,0,0,0,0,0,0,0,0,0,0,0,0,0,0,0,0,0,0,0.066373747,1,1,1,6,8,0,0,0,2,2,0,0,0,0,0,1,1,1,4,5,0,0,0,0,1,0,0,0,0,0,0,0,0,0,0,0,0,0,0,0
567e19e8498eb543308bedca,1.28410967,103.8514629,48618,5 Raffles Place #B1-55/56 Raffles Xchange Raffles Place MRT Station,RAFFLES PL. MRT        ,22,22,0,9338.59,0,1,0.183509963,0,1,5,9,10,0,18,58,90,116,0.072507303,1,1,1,1,2,1.475767051,0,0,0,0,0,0.466075284,0,0,0,0,1,1.585871301,0,0,0,0,0,0,0,0,0,0,0,0,0,0,0,0,0,0,0,0,0,0,0,0,0,0.317150696,0,0,0,4,7,0,0,0,1,1,0,0,0,0,1,0,0,0,1,1,0,0,0,2,3,0,0,0,0,0,0,0,0,0,0,0,0,0,0,1
56944850498e22da7cc4fd42,1.355777,103.989915,819643,Terminal 2 (#026-095-06),SIMEI MRT              ,138,156,18,10509.46,1,1,0.108454714,0,1,2,2,2,0,6,12,12,12,4.306854823,0,0,0,0,0,0.182566882,0,1,1,2,2,0.481463682,0,0,0,0,1,3.13581133,0,0,0,0,0,0,0,0,0,0,0,0,0,0,0,0,0,0,0,0,0,0,0,0,0,1.903966621,0,0,0,0,0,0,0,0,0,0,0,0,0,0,0,0,0,0,0,0,0,0,0,0,0,0,0,0,0,0,0,0,0,0,0,0,0,0,0,0
56dcc13d498ebff00d81b5e4,1.319607,103.902886,,Raffles Xchange,EUNOS MRT              ,2,2,0,5665.25,0,1,0.116364544,0,2,4,6,10,0,29,63,78,115,0.046938761,1,1,1,1,1,1.851385887,0,0,0,0,0,0.897459754,0,0,0,0,0,0.552572033,0,0,0,0,0,0,0,0,0,0,0,0,0,0,0,0,0,0,0,0,0,0,0,0,0,1.128292678,0,0,0,0,0,0,0,0,0,0,0,0,0,0,0,0,0,0,0,0,0,0,0,0,0,0,0,0,0,0,0,0,0,0,0,0,0,0,0,0
5700aa67498ec39d12726d7d,1.304328608,103.8319993,,Basement 1 (Wheelock Place),ORCHARD MRT            ,2,2,0,9338.59,0,1,0.106117113,0,2,5,11,13,0,35,80,161,180,0.034938241,1,1,1,1,1,0.137248483,0,2,2,2,3,0.048648642,1,1,1,1,3,0.888031579,0,0,0,0,0,0,0,0,0,0,0,0,0,0,0,0,0,0,0,0,0,0,0,0,0,0.054717882,1,1,1,1,1,0,0,0,0,0,0,0,0,0,0,0,0,0,0,0,0,0,0,0,0,0,0,0,0,0,1,1,1,1,1,0,0,0,0,0
570cdedd498e24ad4473d768,1.284589,103.851933,48618,5 Raffles Place #B1-55/56 Raffles Place MRT Station,RAFFLES PL. MRT        ,2,2,0,9338.59,0,1,0.136117406,0,2,2,7,11,0,37,37,68,122,0.07128939,1,1,1,1,2,1.422604833,0,0,0,0,0,0.491547087,0,0,0,0,1,1.659631801,0,0,0,0,0,0,0,0,0,0,0,0,0,0,0,0,0,0,0,0,0,0,0,0,0,0.277031831,0,0,1,5,8,0,0,0,0,1,0,0,0,0,1,0,0,0,1,1,0,0,1,3,4,0,0,0,0,0,0,0,0,0,0,0,0,0,1,1
5711f6d0498e2ae0c54fe4c6,1.293749,103.847257,189554,51 Bras Basah Road #01-02B Manulife Centre,DHOBY GHAUT MRT        ,1,1,0,9338.59,0,0,0.276749045,0,0,1,10,22,0,0,9,97,226,0.51313358,0,0,0,0,0,1.324938006,0,0,0,0,0,0.96652477,0,0,0,0,0,1.199456972,0,0,0,0,0,0,0,0,0,0,0,0,0,0,0,0,0,0,0,0,0,0,0,0,0,0.183914835,0,2,5,6,7,0,0,0,0,1,0,0,1,1,1,0,0,2,2,2,0,1,1,2,2,0,1,1,1,1,0,0,0,0,0,0,0,0,0,0
57172d98498ec5d674b130f0,1.272744004,103.8445785,79120,78 Shenton Way,TJG. PAGAR MRT         ,17,22,5,9338.59,0,0,0.141709622,0,2,6,11,15,0,22,66,100,125,0.491276754,0,0,0,0,1,2.597846536,0,0,0,0,0,0.402959626,0,0,0,0,1,0.601107573,0,0,0,0,0,0,0,0,0,0,0,0,0,0,0,0,0,0,0,0,0,0,0,0,0,0.465317007,0,0,0,0,1,0,0,0,0,1,0,0,0,0,0,0,0,0,0,0,0,0,0,0,0,0,0,0,0,0,0,0,0,0,0,0,0,0,0,0
57f31e17498e94f8db1a0fa8,1.286113,103.859887,,The Shoppes at Marina Bay,bayfront,4,18,14,9338.59,0,1,0.147199438,0,1,1,3,5,0,6,6,43,68,0.546448991,0,0,0,0,0,0.564924598,0,0,0,0,0,0.267007522,0,0,1,1,1,2.007670884,0,0,0,0,0,0,0,0,0,0,0,0,0,0,0,0,0,0,0,0,0,0,0,0,0,0.067852455,1,1,2,4,4,0,0,0,1,1,1,1,1,1,1,0,0,0,0,0,0,0,0,0,0,0,0,0,0,0,0,0,0,0,0,0,0,1,2,2
57f8c5e9498e1f78db8b3a73,1.286074,103.860296,18972,"2 Bayfront Avenue, The Shoppes at Marina Bay Sands (B2-56)",bayfront,6,25,19,9338.59,0,1,0.123955649,0,1,1,2,5,0,6,6,14,68,0.552694225,0,0,0,0,0,0.520369253,0,0,0,0,0,0.286034066,0,0,1,1,1,2.019506199,0,0,0,0,0,0,0,0,0,0,0,0,0,0,0,0,0,0,0,0,0,0,0,0,0,0.113346968,0,1,4,4,5,0,0,1,1,1,0,1,1,1,1,0,0,0,0,0,0,0,0,0,0,0,0,0,0,0,0,0,0,0,0,0,0,2,2,3
